arrival_rate,service_rate,servers,avg_waiting_time
9.990452695327214,10.889320127378081,1,1.6933281239201567
6.852318227160007,7.95454805000554,5,3.3951654189414636e-05
9.677905833790911,14.623952644595157,1,0.11359586470741663
3.1904971941720577,12.235282489328434,5,0.0
6.021371469514309,9.082511055788935,1,0.19148368280320938
5.952823357053381,9.874941237013902,1,0.22916626890167688
9.368327559521632,11.754236044692693,3,0.001286849455711017
4.665902616512636,8.844477407919943,5,0.0
3.801597476241942,8.529036799292978,1,0.10678457608820717
7.600980810267443,12.10320631790822,3,0.0011699887217425048
9.439977190697856,6.040685510400255,2,0.23210739347019818
6.239875803884744,5.231983089508319,5,0.0003598612746543342
9.831776795361288,14.811557773594245,1,0.12296064664360482
3.6897970899605816,6.6499158035843084,2,0.019156282813824536
7.4143515332908905,10.785079676276078,5,0.0
9.43490565070675,14.741780462563865,2,0.005984604616930219
9.281831397820671,6.684811119207263,4,0.00371480344216755
2.8908807476239593,13.929939470854316,3,0.0
5.851296684739027,10.742198946005557,1,0.09721351305799962
7.7271702002756735,10.772495383176594,2,0.014955849537370955
2.995463360052523,11.008466676344177,5,0.0
5.587702017356231,12.664688107965414,4,3.440487934629343e-05
8.81412849545677,6.499939764767905,2,0.125836726381445
3.4631701146930762,11.74002608511099,4,0.0
5.625305487906098,14.031056469604442,1,0.05567575611649821
5.751662885899858,13.005289610974193,1,0.0508960446659354
7.206792046628991,10.879525223856938,3,0.0010815075968049431
3.529942900380015,10.113766961743295,4,0.00010961488075048934
9.142721618750876,11.694582439403826,2,0.015689788832767747
4.595014181874554,11.996580307112191,4,0.00018676960582612848
5.111603076468505,11.354271089560426,4,0.0
3.106867532327521,6.119014673091837,1,0.16281231505639382
5.350175505557324,9.436394274719174,2,0.007436125689982557
3.6091925318207014,9.192184928879765,3,0.0005315531884681736
6.248378619371017,9.286788104995955,5,0.0
9.873399158660813,8.58008288350473,2,0.05621039896386422
6.742567003866328,6.294703988128386,2,0.06759112542477318
2.6899596675911583,11.412153503324895,3,0.0
5.384058752159554,11.330566993013637,5,0.0
7.093412320106618,8.2420099137735,3,0.0031612312924043946
6.052319373975475,9.618906949977948,5,2.7347818755512218e-05
5.632838505092818,12.429879743482628,5,0.0
4.7760993056400185,11.915127985517973,2,0.002619563639238581
2.8722903770209545,14.275066613440842,2,0.0003345519789000442
9.388023254688965,9.947742631025356,2,0.023429894252419335
6.605278037404286,14.990433803210951,4,2.6978526728774924e-05
7.023941643800965,14.05176445063592,1,0.07590058871908442
8.204567532906523,12.44246636587632,3,0.0009677517777559315
8.421263366617328,8.37320729151354,3,0.006814340402599725
7.697459215223191,14.751700608507942,3,0.0004442608572518347
6.096768813300501,12.359287058676047,2,0.006136147933426315
2.5816094542298034,5.43355161123033,2,0.008732596674660741
6.4219660878702,7.600449367625246,1,0.641221848965863
5.855031612380939,6.81902059707765,5,0.0
6.983572288449904,8.876048444313279,3,0.0030726730967811536
6.6146789368978,11.076601733752815,1,0.11947334751034523
7.1455686956732025,12.796899321857044,2,0.008509809258642148
5.6991902503714655,5.540508039354501,5,0.00022580586661044582
7.474913505170463,6.108767655698583,2,0.0866118288889289
7.7744755905341965,7.759844228406304,4,0.0008003450239427039
9.223645675081162,12.186582294504056,3,0.0008391047606594965
5.153084208421516,12.653954975322833,2,0.003464196013262647
3.8001418867911507,9.330167158835168,4,1.5020154446783613e-05
4.045475491354552,8.535748296477145,1,0.06624633905452099
3.580384223128725,11.617753560395,5,0.0
8.10277156603799,14.663803551339418,4,4.546398815469905e-05
7.902346326496689,7.190355585042953,2,0.06440843410090101
7.27348203854928,5.244296871657392,5,0.0016167074108105566
2.4972523451125532,14.346402315040475,2,0.0009468851883576505
6.50945108336482,12.023619389992525,5,0.0
6.401335357597692,14.753453376269714,5,0.0
5.267997989712354,5.9146767766327635,4,0.001091188136612104
7.102424166886955,6.292189775671693,2,0.05875656428682475
4.97791313202541,8.398575173355413,3,0.0008019827759492178
7.897866248733871,11.030060365540242,3,0.001156620764374978
5.076757608077024,13.660822652874472,4,0.0
2.5065012311818213,5.306804067744234,3,0.0005641358919831992
9.626322862656284,10.327269849042878,3,0.005056185885617198
4.561503018419591,9.840422174411492,5,0.0
9.656619542090185,14.284373500604936,4,5.584095328536504e-05
6.75631214423312,6.970003898458036,5,0.00010012162278266547
9.292453984164123,7.303365736764457,5,0.0003444935910414489
5.350584602845194,7.022045920336831,1,0.41502022125736077
6.619798456627628,7.285233404123135,2,0.02890317501500792
7.417081756822688,13.715451882383828,4,1.7397360912192726e-05
4.262546697135907,13.988446760932895,2,0.0010184797293246754
4.074936501011319,6.767994949344196,1,0.19711782444897677
9.353990567978737,11.473164692989753,5,9.357258973898209e-05
5.794823483105281,13.744445589055118,5,0.0
6.301426578583941,14.723321853766988,4,2.7806875391952348e-05
6.265323333349083,12.25251209665011,4,5.264185166960651e-05
7.644909194600393,5.3923031103776555,1,29.860602891423447
6.086873319135725,10.024974807965137,5,2.0233012421585622e-05
4.1683386631066,6.468567897096676,4,0.00032782234373925615
4.386493566265641,10.976052261216475,5,0.0
8.946370878374355,5.704556059556957,1,35.51452718117789
7.341891636414446,11.48667755497236,4,0.0002696637933471941
4.938459254956454,14.651653013336643,5,0.0
6.4685758293437,6.355738086401388,5,0.0003219249074436294
3.9601874093532325,14.614754632226543,3,2.1269940973263225e-05
2.28952956594663,13.206805783281084,5,0.0
5.4680777983801,12.256787999164334,1,0.059348546879689656
8.840125103774877,9.774593193859326,5,2.312629501564595e-06
5.700039755545826,14.339135324280031,4,0.00010223371384136721
6.406807200456771,10.611071773163637,3,0.0009748114762848701
7.146385713296661,13.999294440985434,2,0.006505601008604009
7.773456200139702,6.947966680934696,3,0.007227427365798025
2.2063788571230667,10.08349724883836,3,6.144063331696619e-05
6.989064499143215,10.84108514021586,3,0.0009553509267884271
3.7557490629764425,5.73765555692936,2,0.027018923191133613
2.870743141056203,14.523180399573352,3,0.0
6.107363084521992,9.333353930484776,5,0.0
9.516079368155964,7.532005152358689,3,0.010959457364011955
2.6224694869514913,10.241977940488447,5,0.0
2.0936601775153845,13.22623556400351,1,0.016254182994510487
2.0087790365716023,9.558747932490856,3,0.0
8.387670899531962,11.491262299328547,4,0.00014881417678252722
3.1358746426166313,6.313905878130371,3,0.0008011143008294346
7.892639901817452,6.40226693400523,3,0.013902030617923626
2.6113430382893057,8.621360961215931,5,0.0
6.1892694421098,6.220153511113249,3,0.00901861722900779
3.6145243375068343,5.826975773967576,1,0.1742816259899279
5.468908931779026,6.93795271612043,3,0.0024219695926142788
3.3507930239136066,13.079721914339213,1,0.02323505699869802
6.865738830906687,6.3420575743355325,3,0.0071977261902177615
9.55128979019537,6.636508689910629,1,30.82256901201796
4.630558436389035,14.89063758204081,5,0.0
7.406980611436842,12.634368346375489,1,0.1140891607642626
2.6833452934444217,7.346688052235564,4,1.0837677822331027e-05
7.732360759299718,7.586336226581812,4,0.0009720376358415581
5.556822721683325,6.965770305647335,5,0.0
3.706114246351455,5.083020319926135,1,0.4256480050939093
2.3975465955757223,14.565577305132685,5,0.0
8.235735301206278,7.649285859546916,3,0.007780180769397434
6.95349053284509,6.130827486846314,4,0.0011786636064653915
3.70282916572953,5.059175434276316,1,0.6056695018698859
5.193822553496446,5.584269886837509,2,0.041063865312002304
9.859167936838302,9.08365443602462,4,0.0008472222842789095
2.8085068830097626,13.56532727352106,4,0.0
6.540054909598397,11.17100559957926,1,0.09638867898731157
2.6436607935594525,5.4910878960591605,4,0.0
4.192894618642044,14.058436801631709,5,0.0
7.147649955305509,5.690235456197749,4,0.003112401103004181
4.1101919348224225,8.788705111901692,3,0.000720486837633509
3.2511549213074202,12.668633783182486,1,0.02686958910341745
6.767237560021365,5.026964729183012,1,23.441765767618584
3.760626354794611,9.763590131810282,2,0.0028501147386388414
7.973779512795144,8.936095547607051,2,0.023820693495099313
2.825767280474464,13.831533004642772,3,4.019907358675503e-05
3.051611948697529,8.246119789104636,5,0.0
2.0947113045509695,12.591734587235326,4,0.0
2.7808894496900285,13.87014469020293,4,0.0
3.570332836325793,11.52994114118523,1,0.04240861869728453
8.736190539115231,12.853065743672797,2,0.008410948408540552
2.7768929791633497,13.372677250022171,3,0.0
7.070828714385878,5.35161026959093,3,0.014987345698848952
7.568298043403714,7.299273812123724,5,7.831114994345475e-05
8.86963322662856,8.94111788746336,4,0.0007172034461563668
2.611436384520773,6.294347465381125,3,0.0013530353824681206
5.155686555920524,6.394407621126402,5,2.77204900680802e-05
8.300976293243563,8.017037836862023,1,4.512467516511862
9.558057446865426,7.16031315398637,1,27.412592759516947
3.665496601667086,14.899015853441451,4,2.0941487734965268e-05
7.951830621986411,8.642119860964222,4,0.0008799896032492835
7.911213463739422,11.720824520871314,4,0.00027670677728459453
2.862559669762165,10.500685008024204,4,0.0
8.490612246611214,12.132128179364448,5,1.3614730378925504e-05
8.856699570570477,9.720205300825388,1,1.7233174790268162
3.2459156314535207,7.861317707331505,2,0.0030797983994070937
7.292821830984567,7.3101994389475875,4,0.001127187717331644
7.763349624906368,9.336788645230758,5,3.1795588323553086e-05
4.400677789423989,12.72275732947998,2,0.0016947758796213913
3.1634891441059247,10.202972606644796,4,0.0
2.413363779395258,8.708730005685984,4,0.0
2.4221898043161696,6.482061835630142,4,1.4221607181944022e-05
4.037655163848913,5.777172458780573,4,0.0008753991811317239
3.181988413571024,6.996883033311826,1,0.12163245587335801
4.047248069426555,8.234824323351978,2,0.00927194498034849
9.870899981320616,6.952790718272803,1,25.638541754994183
8.956477845595769,5.2922635376546525,4,0.010030716022614454
8.956620222248944,10.258044544498915,2,0.02850735511296495
2.3493476111136626,9.55088497752744,4,0.0
9.757519822143284,6.93950465590164,5,0.00047507329621234064
8.733266743254546,14.710742250897638,3,0.0010792383362306932
7.679686797068767,14.225021329393352,5,0.0
9.279217192736724,6.793616445370758,1,29.264884627644523
5.926805728112686,5.065579031652209,2,0.08481516165064491
3.3386539592279885,14.397153369218785,2,0.0012972762994316659
4.659983501159523,10.6937672751537,4,0.0
3.8070330388333664,11.180014511443872,5,0.0
6.691752001480604,8.887995239897815,4,0.0007277966938066874
8.38407610740724,9.042263507036537,1,1.058409102812305
9.531637205973341,9.240565451349422,1,1.2829839055558525
8.69023519999946,13.047361734830243,3,0.0006232372628186818
7.4181801634998035,5.3368564544520956,1,30.47497338478704
5.240199162070754,14.647535454400462,5,0.0
3.769041942621717,13.06974828337247,4,0.0
2.1658335541809963,13.897340778270049,3,0.0
5.332350698232358,9.980237934465364,4,1.7177231160955865e-06
6.439790707356358,11.308981254801662,5,0.0
9.263332673688605,7.0148472570826135,3,0.01245628674827279
2.7113136098695865,9.744043138603733,3,0.000297483843764788
6.021725857518771,7.907037021806555,5,0.0
2.4258228793574057,10.88467351162705,5,0.0
8.184757205640281,7.42768972006266,3,0.012379437058464239
8.279786332324845,10.933048320826876,1,0.3732851103394195
5.252322124651295,5.228225289252074,5,0.00020243489577839727
2.5599180842281264,10.578561850638025,4,0.0
4.318128960204298,10.038002967909833,3,0.00013194811252424391
5.594843056977562,5.930166408958051,2,0.04666306078303645
3.195704626229463,12.950061029019114,1,0.021933405472174983
5.42277268167116,12.38374057379375,4,2.5332576326024286e-05
8.438259295045938,5.240557137641785,1,32.270384713740704
5.485407337732979,10.793759863672458,1,0.08635288122312373
7.40701194747633,12.925260667563597,1,0.1239350201136406
7.004663347643714,13.584941899966848,1,0.0638699410964003
4.339685255359872,12.621730422002146,3,0.0002453212675499036
9.39362871273931,9.493928299596996,5,3.37438584509225e-05
3.6183247474708073,12.210276019227694,4,3.3758806638258906e-06
9.245659896586796,5.488084030097836,3,0.027539010210536917
5.345613066331174,7.529357588530522,2,0.016741968666557014
9.087016987744825,12.470375452926092,5,1.3569828116977688e-05
7.397385607695218,10.856069371072902,4,2.491586460738875e-05
4.02230368423116,5.115300662009783,5,0.0
5.9375242138804305,11.17454914932028,3,0.0006752361085286515
9.131083973372267,9.506082498842797,3,0.0020370999477774335
2.692663753375056,14.144461146820571,5,0.0
2.948872185684663,12.059186653670398,4,0.0
8.378441660456119,12.646687993348088,4,5.073469988795373e-05
5.0496748499615,12.695957652496888,5,0.0
9.08217194734512,7.6262615955392175,4,0.00139244269891504
2.1603210690420642,14.445737976876714,2,0.0010027184965809733
5.165882006721549,6.451270449733718,5,1.5403215537755505e-05
5.965478248777639,6.798005514727608,2,0.03850575694790676
3.166480072590794,9.830169466263394,2,0.0018677235330956039
3.5638665098594426,9.221340786436514,1,0.05372856287418561
7.439455278609098,14.347301766969633,2,0.0043923608954426745
8.811630404209264,13.816853120138774,2,0.007303557441246227
4.406210934180694,13.782719726553976,1,0.03564522285338926
9.21119358814044,6.4144667980438985,5,0.0006205878638941038
8.978041082868085,6.016936969588052,4,0.003887896213073252
8.346122593826248,6.9592265095357595,5,0.00022074782916727123
8.057691788754191,11.0698719415341,3,0.0016514112723302857
5.501845358012348,7.862652386310515,4,0.0001427644306144792
5.949020102074235,13.677906470698684,2,0.002741661479061866
9.956786001493478,14.214930540843595,3,0.0010493290810159423
3.3622291503232384,13.906553118394507,2,0.0008994527140945779
5.083288549726659,13.682040143066773,1,0.04122809834627187
5.943368472569683,9.119494599126657,1,0.2746269760262693
4.176930964840727,9.945021791160496,3,0.0003090001722483715
3.1683721211236593,11.206021119262335,1,0.03025987491734571
2.1940843719386827,5.279473378575937,4,1.0492734279028016e-05
7.678546269220435,14.104553407313157,5,5.226620711119129e-06
7.771878649539411,11.891405223878197,4,7.3039085132155355e-06
7.8801806526655795,12.74271798161951,5,0.0
4.48804260297009,9.013792466198899,1,0.10474913247717582
9.891480233985046,13.398359527253358,5,2.6817661827624142e-05
3.707840651093596,6.783841759403738,2,0.0096480481618252
6.363755950446015,9.008847737408534,1,0.26001692098690843
2.226930934270552,5.231120005300025,2,0.010010638935846132
3.207370686177165,12.453114926837582,3,1.133717692046394e-05
3.9147784787201854,6.284034265658044,2,0.019122298371942993
4.252766005416769,6.443687732243654,2,0.017572033993913126
4.583348623108937,6.398426463416625,5,0.0
9.819378302056403,11.236181833986251,3,0.0027767699777616196
4.353754421417442,6.952300675572953,2,0.011811350703873975
8.783305120361199,13.0712021040681,5,5.4046951057533465e-06
7.419950587250416,8.067272889517817,4,0.0004261076870565315
6.786573130686039,14.251844308531473,4,6.690689218660098e-05
8.306823737813945,13.239737668706347,1,0.11624287951659727
3.525433397231219,7.127846294893127,4,7.918623769443554e-05
8.286367563096048,14.287125144222138,1,0.09243911717444048
9.343063014212134,10.199957372130761,4,0.0006829024042948538
4.280122543564086,9.399158690468724,4,0.0
5.101436216187614,9.495641204491953,5,0.0
2.817852045752544,8.071329653393708,2,0.003948149916118641
4.1607218650318005,8.579697293333336,4,0.0
9.588053959873296,6.522929335852457,2,0.14214850479476882
7.376943844835041,9.942353937229164,4,0.0002787600515859818
8.803204090229443,14.142700985782088,2,0.006995349193783628
7.353109373841926,9.67453853110165,1,0.35440630875948376
6.183873829721586,11.376231811842903,5,0.0
6.506859865593854,6.68776603641264,4,0.0007583254169390999
4.359971262318153,7.819636220401263,5,0.0
5.124695239604948,9.220049443856736,3,0.0010872940141906614
4.647574790076304,8.785290268818466,1,0.1102401031321044
5.3838724541935665,8.4024954148273,4,4.976164908799745e-05
6.934266722051949,8.416035347620577,5,2.6836834791299277e-05
2.367272910347917,6.810980508723603,2,0.008589005479648387
8.69373683339498,10.424761088905855,5,3.3708774971392016e-06
9.956023421456454,13.295621606839042,4,2.4179231347908556e-05
8.126320495285766,6.512618894874384,5,0.00013476071105921847
5.247104293273266,5.8103586411867205,2,0.06014726260266348
4.050200271162995,6.269264144353647,3,0.0031588521764176524
9.636404521752318,10.193360976728687,1,1.1734970341613384
5.498716195896015,7.104366375809662,3,0.004535956382206941
3.3525218674683552,9.002767342283375,2,0.0032406431627969474
6.218731262689795,13.937932176253543,2,0.002324548518122928
4.195160315966005,7.259483509964056,1,0.20220524469439255
9.068858178499497,9.332961733408574,1,1.9710615683893065
8.688826406010609,7.18558597346621,5,0.00010494261380676277
4.1090013196971915,8.32106288627121,1,0.10893719971288715
2.550831484917591,7.048197141205925,3,0.00034323550129648696
6.179984714199156,13.83347916207557,3,0.00030282403592569144
9.530108278063167,14.875357841105245,1,0.13171341776819484
7.067370355214346,5.941980402407479,1,15.867494172460672
7.057186537009824,9.142972816870536,1,0.323445447018457
9.13359800015412,8.93553107486985,3,0.005399754560328988
5.886235988431076,13.093650858054287,1,0.05090265939813949
4.468856098566429,13.541261237488982,5,0.0
5.990577719274462,6.865121330654461,1,0.9560349966522874
3.652153309266615,9.371081724967297,1,0.06913200518881685
4.201473609034663,7.513678265451045,3,0.0009047580126155372
3.906038021006972,13.161930223894831,5,0.0
9.061292773880446,13.32312373889667,2,0.00929910758024594
3.845809086393708,11.764825480253162,1,0.037520517247489206
8.355623418147921,13.48301140610124,2,0.005797093274962091
4.069322376154762,11.189791020305481,1,0.06437991057239004
5.51026735207493,9.505520634550425,5,0.0
2.689567096820255,13.357896763656974,1,0.017461708254440957
2.4305505442861035,9.049449821611777,3,0.00021245633246360065
9.197408189979882,11.86444992999772,4,0.00013724242820557515
6.793121636772002,14.761997438020071,4,7.81466192662232e-05
3.449179759162976,5.6570729589144335,5,0.0
8.583978838776346,9.416336602522186,1,1.1235070497860637
5.922246485034233,9.756197471020075,4,3.6475873474488396e-05
6.350568940036539,5.17994511763611,1,20.98481614828765
5.440321344246386,9.918004655922877,5,0.0
3.321939791300463,13.548354703864895,5,0.0
5.965628568345958,11.24002221596615,5,0.0
7.569558431209288,6.805321163889985,1,11.429269861045599
7.838102125023749,7.149269358260932,5,0.00020753855893572486
9.400839575373606,13.944047515494628,1,0.15273085148978452
4.458744517660564,13.425738839021333,1,0.03842611082273975
5.638114938996424,7.5142354783945455,4,0.0006177474307757337
8.472733692524212,8.172315170199596,3,0.005078564241651428
9.819632647589938,6.160952412211826,1,33.036728036380104
8.843705573652898,8.021631904390105,1,15.326113520683634
9.790488588565516,10.676265033603443,2,0.017471358420385937
9.875960834343982,5.313252370303213,5,0.002336746246120266
9.468942909215844,12.429092904983962,3,0.0013335963975501224
8.158393083309278,9.57874349655917,3,0.0022648952037606787
5.1985100004827,9.674740942736172,2,0.009280385693705567
5.528757043217038,8.782442655259594,5,0.0
9.106001636431351,14.568215017405322,4,0.00024381551423733336
6.042325070973579,8.753290535435989,4,0.000576058203149208
5.440151822784764,8.06136549580924,5,0.0
8.060448427619614,8.160880418329361,5,8.75645681164815e-05
5.6517615456523345,13.157603154993947,2,0.0037278778915681723
7.491364645035116,7.760437226912217,3,0.006888100033501725
4.670660851146912,13.8864837479899,3,0.0002721932015915382
5.285201600837856,14.271250964996621,2,0.004580425886014752
7.7755705893834834,11.473437278604727,2,0.013411972727597811
2.3929826865429353,5.5887792605748485,3,0.0005964516804759189
8.588984176075861,13.829460631331203,2,0.008148146871140806
4.041164866305439,5.336519336971053,1,0.460601281602988
8.473584430564658,5.170624823998777,4,0.0070154958407371605
7.649860483118957,6.455642301584947,2,0.08041996443444109
8.024307692945719,8.422833177422106,1,4.356155524969074
9.352107066755572,12.860383670673759,2,0.010298645586144064
8.020230587822327,12.043103347815636,2,0.007367818509543078
2.4463632597654,7.780922009758554,2,0.0032458166817812962
5.35114441532509,10.305245582934797,4,0.0
9.14395430286211,6.003692992760751,1,37.22004630690287
9.672582235930388,14.142324302079333,4,9.987053402577818e-05
8.962073068424974,7.790663092322504,2,0.06142420621245962
2.1913664859676363,6.743928328220816,5,0.0
9.578291825226568,10.368532990686004,3,0.0011221506732368527
5.592348783870861,7.541238274629585,5,0.00010748224213772617
6.390356712274917,14.539355799163435,4,8.07685586411285e-06
8.298735313514452,11.46420530674255,5,0.00017555452215840716
8.435361564185506,10.045104259272076,2,0.019607223487823615
9.423232499645785,14.998953785426245,1,0.12302517601397507
3.715206245931663,6.700152369690872,5,0.0
4.277274014089048,8.134738267330814,2,0.0115312702468131
4.836363786155943,14.852295211341778,3,1.4784407679552417e-05
6.671073405845668,7.485627982217096,1,1.0104812947801116
3.850164781371218,10.456853725004148,1,0.054202078125259026
8.642292498827093,8.063119178069233,4,0.002189188536699852
7.368467979516164,12.544727724717921,1,0.13972234602393258
8.833444901533694,6.352182406222867,4,0.0038545120919101835
6.868449562399579,7.744962322012027,2,0.025127582268583658
4.872680729268713,8.044167986555795,1,0.18856445567752694
6.161996947679561,7.075315055874194,4,0.0004679323058729089
3.858367871638433,8.120435339009688,3,0.00016745947519977437
3.7287870893093187,7.26648081789701,3,0.0014531330447407427
9.261812868571024,11.71505807942495,2,0.013208507059608451
7.124626958098932,8.486598420760956,1,0.4814088816884541
7.386870336040389,10.403832701949412,1,0.19878050715774997
7.383621456315422,5.134788927104195,1,30.382646788209343
7.4375174047850034,12.01909094709256,4,8.966704254035037e-05
8.731195308942635,5.1568742771072955,2,0.2719172736631754
8.45561619656656,9.891165257224875,5,8.204387470594025e-05
3.596376910222973,6.378457472676379,4,0.0005212749337188893
4.119053549956283,7.115992623300205,3,0.00046653861026439133
5.1179738181889505,9.787465708948377,2,0.008276711583208786
9.990855437931707,10.93845145455045,4,0.00014121113860389198
4.4060621632090955,10.000513107742949,5,0.0
2.6751573827904647,11.47503966778585,3,0.0
4.115571856478146,9.166413646728977,2,0.00446983612487266
3.054557448378059,10.514497891745123,3,0.0013435612542554804
5.6554988249652745,10.736479319102337,1,0.11277418958059011
5.299359450108608,9.114192223104947,5,0.0
7.279455495884961,7.084061298723135,4,0.0006653001107151024
6.103320436415332,12.911654430346399,1,0.08212453478435643
2.992213034621865,11.757380581296832,1,0.02491366104871178
3.374693349820191,14.91620548634829,3,3.6696616972807386e-05
2.7785779873469956,10.393183800099361,1,0.03325781023850605
2.0299907112958087,9.608183459132231,1,0.023611040350686927
9.769981185390568,12.502494377317731,5,2.8681504393212563e-05
7.743185334763612,10.405226667304827,2,0.010320861336318994
9.598121496909952,8.011125739163774,2,0.060648888124033046
7.5381207836357955,11.17305682123878,2,0.010622535651617348
8.04326671580625,6.1793152822344055,5,0.00046590046469853475
7.052586306860599,9.835880409896053,3,0.002244561120527013
9.627508184961032,5.20511444689334,1,44.51945061178233
7.910306337538126,14.430389178120148,4,5.908773446579128e-06
2.1832256242328256,11.662852758291958,1,0.02407797918251642
6.816073557669,13.932658282662075,2,0.004558625370255103
5.573085734422743,5.107530886105248,2,0.07557338184161813
4.039106143016594,10.711056963291794,3,2.5059121440223226e-05
2.6984654013798695,7.34260181728541,2,0.004597023691723845
9.704834519561995,12.709171528145642,4,0.00010527048537004839
6.288208541797957,7.545174226539666,1,0.4229961960065129
3.7688785917139507,10.615413859635403,3,0.00010838300273955703
3.519745552867529,14.829077322609024,1,0.022749744559988155
8.003712714749977,10.509889366895528,3,0.001377034836063297
8.987965826317929,7.740547881239222,2,0.06243159547036594
2.8820947024871293,10.021318647556477,1,0.04069735927970129
4.37616293949893,8.461527827422639,4,0.00011875368031113267
3.514720307938579,6.0089094242899845,1,0.1462831989464166
7.704009899954872,13.811883286879562,4,2.6713988120757587e-05
2.9794578672936076,10.333090654128538,3,0.0
7.575449057541816,11.546337692791866,1,0.17097862881034873
4.0736076175091664,9.23842642750106,2,0.004673654886257167
4.5338057369792315,8.243087287393305,5,0.0
7.238111056782596,6.747500571708046,2,0.0530666171511776
5.212909008057894,8.848865964087612,5,0.0
4.185043414681147,8.033815232908374,2,0.010139838718944007
3.390261319904681,13.615545476415473,4,0.0
2.888445282831773,10.31431186108131,3,0.0006124241461522042
8.030724147467385,13.344302045982284,2,0.007361607506385827
5.375384036270704,10.30509215290553,3,0.0008477035250477675
2.174306289276589,8.625462804723826,4,0.0
6.171308385067384,8.894742191175032,5,0.0
2.478810338630468,12.32190421777252,3,9.493307631423243e-05
8.11020550076382,8.333608533232,2,0.043986493815593726
6.922790009678949,10.426863076084341,1,0.1890067197383595
3.9369453522721107,13.205594708295873,1,0.028351515607594094
5.1792755356442965,12.952995142416807,4,0.0001553178585220251
4.651766622139716,14.585021610952149,4,0.0
8.5298807649269,7.949622998084337,2,0.039151970525088654
5.913665297144279,12.09506579719445,4,0.0
2.122749759040694,14.887485217507706,1,0.014076680782812103
8.272282925282795,6.770915762327686,3,0.014877300966974153
5.610163331528304,7.2320595167093344,4,0.0009877005588679424
5.655448555827165,8.050575299675177,1,0.2697637654369191
8.41132135966565,14.13263229372684,3,0.0008509790677202449
4.215350917821827,5.191607882413779,4,0.0004040345826854726
3.419200427043817,14.687433827791185,3,2.9460462169063012e-05
9.874914603271698,6.521667964069207,2,0.14232261934950574
6.205866450036232,11.99697941658814,2,0.0045958072827118725
6.311814108804342,8.037955318976294,4,0.00026035137581600893
5.165241339848155,9.750255744469722,5,0.0
6.512461510951722,11.496364176422542,4,5.187739799070677e-05
2.544095290359878,11.50594719256356,3,1.2709147390178348e-05
2.878185866791479,12.940178286126661,3,2.8777992630871575e-05
6.88173190612133,8.45984902745835,5,1.5182236384951636e-05
6.381070883498787,6.615732686286748,1,5.152231700493679
7.640569008381657,13.377586571102768,2,0.0045052849424897425
4.301172692946635,6.4685814947390625,2,0.02407688989085858
9.31564493150867,13.5987346048296,4,0.00017748496224425397
2.0013718348991576,12.574411383988389,3,0.0
7.044365616935813,7.432848180706991,3,0.0051866630098262485
2.3612143168866,7.120452665027621,5,0.0
7.570461492787485,8.18708721661744,4,0.0009525730201097067
2.6890044677225227,10.43393476228843,1,0.04118814449076475
4.338062943096344,6.348627914852903,4,0.0002979423779783637
3.446265678400975,7.449176219924819,3,0.0007432444931605276
7.9832252432798745,8.02929950910955,3,0.00576295437587136
3.4789077631473697,8.700200956316259,2,0.002887433257741209
3.1893354303613144,12.062160713248556,3,4.093729795188928e-05
7.982548200091468,5.401515736008156,4,0.006786287855665319
3.168128842763516,9.514035634788492,5,0.0
5.191838031513853,9.932152723012614,3,0.0006807146089966934
7.204170626529941,13.585629285518017,5,0.0
4.6052135604778925,13.601273269346537,2,0.002638435203781926
6.23048998948096,14.596628920098283,2,0.0017338090811929105
6.487663504975754,8.08084026578387,1,0.6690697316339799
9.016193020476162,9.588164397606539,2,0.0276737870412361
9.972865134718003,7.127143475535989,1,28.66304835627302
9.042709614961858,13.475514154857764,4,9.347957574376979e-05
9.791783598393533,8.477436794475182,2,0.07311164401182177
7.149740914646678,5.3040199876628105,4,0.0031913801154916685
2.5974262109122597,6.950789915626002,4,0.00017671685548743569
8.735791369425453,6.628764683213145,5,0.00029971077275698125
3.8552543535841366,8.999096036224948,4,0.0
9.849983439282433,9.826257861561647,2,0.03961903029077427
8.438367189345488,12.380651552084581,5,8.704566836984738e-07
3.7607677715052077,8.033033164673355,2,0.007688546076931225
9.598427941929597,5.653384134024735,1,43.45226488213294
6.370420308306087,11.380079102906432,1,0.11870544545567227
8.245496283239149,6.192748485060415,2,0.15569842970151263
5.355626407906825,14.929604109945494,2,0.0020593326993470513
7.912456453755018,10.512299255159887,2,0.011806347594907092
6.137214681375099,9.071808023564465,1,0.19463845768457708
5.0580307397607225,11.964692333023377,4,0.0
6.773121600536522,8.919735193106739,5,1.0763661072112443e-05
8.96146072698858,7.259065085527786,1,17.004449080997897
7.356319965041209,10.169215873624372,5,0.0
8.648111121646377,9.080834872008879,1,1.6963560108401552
3.434996546387251,9.058136405769412,5,0.0
8.414560331934354,11.687269287445424,3,0.0015404362833605135
4.784410079031625,8.070959205464726,3,0.0018578932997443663
4.378825517149451,11.520526762503682,1,0.03685755985123457
7.816366195220848,5.199140778232106,4,0.0029695199665974972
8.719899048446347,10.827620584091449,4,0.0004242641244257503
9.086361261852458,8.303558733216638,5,0.00015582538789752712
3.944838270643854,11.15828057335902,2,0.0017736694607829488
4.712755425379935,7.8605546196320395,3,0.0019756069848461304
4.306874811403455,13.780850927931429,3,0.0
2.3755704301838225,9.332003731704837,1,0.040876184200730935
4.782796054648836,9.83320325613968,4,5.0270858361089846e-05
7.836859407373108,10.835662392048746,5,1.5375854021054173e-05
3.359365091500152,9.740272624971885,5,0.0
5.094325012891967,7.056844777822145,4,0.0003415163764999492
3.507446135481568,10.085638629506377,5,0.0
9.238987236158358,8.938298510474475,5,5.2880276025490085e-05
9.902170424170418,5.224923459340943,3,0.08134420045919977
5.0828582666965625,5.340331028811871,1,0.9480362120515324
9.99131817965424,13.450705776130098,2,0.012442602197601524
2.008064958136515,7.174286934343969,1,0.06718948159524923
8.719127289195477,13.492730759553664,3,0.0010506034334261936
5.274184292547686,12.472512230105668,1,0.07486989600665415
7.1641152740354626,8.15961570554036,3,0.005976846015112033
8.158228472500596,6.273311883754817,2,0.1056190733649245
5.261717973403313,10.448340505327502,1,0.1042647015331488
4.395220412673761,8.866300569771624,4,0.0
4.9473320382923935,13.653828424919581,2,0.00369232324465904
4.379296430899408,8.691732484915525,4,0.0
2.181474324661944,8.177588639092178,5,0.0
5.995175915958046,9.389275468269318,5,3.615345137966216e-06
7.079159514144655,9.648298847288228,3,0.001332934378676028
3.6118627654501614,8.846093282799572,5,0.0
7.913009547851405,11.243847233688001,2,0.010782444096486963
6.10680253441591,14.315946797934473,4,3.808309471502293e-05
8.998055959866429,12.594164497203302,3,0.001640453374456842
3.6917774510528885,6.309870564340016,2,0.008795849734188392
6.9398450439441906,10.601193538037823,3,0.0011210658115573644
6.888540175716634,8.239280454820829,2,0.02781392024100861
8.721623075387576,6.235256505024047,1,28.303611110016213
9.647859090123376,7.847729858183334,1,17.314225769954813
6.749456900307805,11.56944376189652,3,0.0006717253884283306
3.989195139654586,14.574119269294384,1,0.02187903206313422
6.486117206892429,6.769314378020334,5,0.00019258227010523595
9.356450028530352,7.440086978693349,5,0.0003542947338134772
4.124266099976934,11.453286620433433,3,0.00022421742928557356
3.480068620473528,6.172598968094779,4,5.969003048286046e-05
5.922100220821084,9.877874256084603,5,0.0
3.5516656296498414,9.371677992823457,5,0.0
9.559821545981531,8.014966315556766,4,0.001232873236944051
7.143275662611994,9.975920599112978,5,2.666857233211051e-05
2.425917089240418,11.153803969087996,3,0.0002481324312539472
4.132504753091582,8.861825648944755,1,0.102385673581431
8.843634798634138,11.327795673289636,2,0.017657221766044215
8.550005633642197,14.235650712663876,2,0.00735872073681195
3.823900336157628,5.78942200017369,4,0.0005050351576151781
3.5411122520857363,12.262987301631409,1,0.02786457725530693
8.752086076209217,6.7324689776511235,5,0.00012109591161990682
4.793112226752346,14.60777403523355,2,0.0017213562339848186
3.519172665660842,10.334849573543416,1,0.05211639363457679
2.8237227437891956,6.167078521522059,3,0.001041305581785501
3.6612892455318002,9.48133636845578,2,0.004760712246823407
7.648586133285074,6.768568913377203,1,13.673275187735578
3.5218381948345634,13.813842518189464,4,0.0
5.663617291750881,12.805255596196211,1,0.05787987523272863
5.2064500466678405,9.172947172611583,3,0.00043858212158676363
9.646865616826389,7.666145631256884,4,0.002264218723497266
7.295062356744818,10.160792942009422,4,0.0001853184833579837
7.470673395282176,13.497473090757058,5,8.862704325834195e-06
9.349740991773906,5.335257530947157,2,0.5678853364946527
4.544345968910927,8.27867878759751,2,0.009848000324061029
8.810231397189185,12.755458232547781,5,0.0
5.346367652619949,7.172001043350319,2,0.01835347308736048
5.074759537261816,8.72115299284495,2,0.009968522532899975
4.675075499038066,10.379726983681882,4,4.874800246122145e-05
6.426465697105164,8.747836627497954,5,8.96373339833065e-05
2.0317517293303053,6.107191318709916,1,0.09527493110986791
8.737884562608919,13.27595931808524,1,0.10884077335244154
5.979104639569049,11.40507261121881,2,0.005275623618518464
3.4626916962436773,9.975473057837707,4,0.0
5.095403731363113,8.740825416300861,3,0.00038081248023122676
4.338292082770549,7.804120107247004,2,0.011248894939523621
4.284820373778713,8.408901492236259,1,0.19490802970281787
3.4101953659400435,10.802017552345927,5,0.0
2.918530775286957,11.1889629296993,4,0.0
7.806971181303181,6.353901541144198,2,0.15905115871570336
6.832019708702966,6.034775914019754,4,0.0012314255232393375
6.799912248599391,8.15395485846321,4,0.0004286276878251402
8.763084085689325,8.840623729839347,3,0.003906393926779468
2.6847121197888306,14.252833013859789,5,0.0
2.98905981130802,10.610956735414305,3,0.0002948229449592905
2.889368470299904,8.666578493738424,2,0.003029003426352852
7.907209735851267,13.639441773918822,5,0.0
6.7069181719692095,7.93682789165147,1,0.6966450961787934
2.4195802810290576,12.612564642002987,3,9.561734960939757e-05
9.44783255327399,9.798853331158371,5,0.000144411858811173
5.643857753175767,11.044279374675233,1,0.07580446262492069
2.8154590006255074,5.333734507623452,2,0.012870484551459432
2.979292191081295,7.442461589024604,3,0.00027544601515481267
4.967181773635245,11.281467568454865,2,0.0037638297101580433
8.555380432147984,6.329159719199801,4,0.004565476503766488
5.8949921362351425,8.499261665606385,3,0.001819025778647636
2.2720379309860927,10.104087234533601,2,9.555126353765298e-06
8.398136404360145,12.008287398195716,2,0.011680592498611551
3.3171882622682904,9.552518185426527,1,0.051187692076867554
4.523435418027142,9.203447401898302,4,2.1201772005830843e-06
5.419340529932677,12.366727200693191,4,8.647086274826449e-05
8.419922185003669,13.242332417941578,4,3.104400599451829e-05
8.947726715910964,11.009923931319037,5,5.774655125721282e-05
6.7637047665635395,7.650398414254668,5,8.126779572128647e-07
7.8526730323126595,7.457646780836723,5,0.0002686676759775204
2.121070536984255,11.417891414913289,1,0.020538886634675037
9.69768830912459,13.965172015316831,3,0.0005421992837710678
2.7717132332661825,9.017407641154161,1,0.05209346645641732
4.893339315609461,13.034601125237595,5,0.0
6.474559606831216,8.87216286571023,5,0.0
8.765406900353863,7.687473824596562,1,17.046178393862185
4.836466815574352,6.780596062742802,4,9.144424276743447e-05
4.692649712044361,14.10731249956945,2,0.0020851720488614216
6.866481726961932,14.738352223273926,2,0.004397316520344624
6.742485645378835,9.942830629018196,4,2.9118930354345197e-05
3.7988893165554307,11.27920678904534,2,0.002791023254614162
3.3942138281944274,9.706226778463591,5,0.0
4.360411683988798,13.94040180583075,1,0.034250170965804676
7.245769950436073,11.8414978701656,5,0.0
6.984239501125346,6.501265800741876,3,0.00812940632919476
3.3622694192574976,7.772118532256732,4,0.0
9.197089980483367,6.077941727287584,1,32.41353454336097
3.0440105013254044,6.647226904813386,5,0.0
2.823185751451639,14.452384103318181,2,0.0009152031252020447
4.3749469737411175,13.924686911559455,2,0.0018647240244499034
4.741287999822765,11.634983721951993,4,0.0
9.800826384539945,12.635086130256745,2,0.0195710071550173
8.411165494566802,10.230112125753253,5,2.5481776281383466e-05
2.5351180146359322,11.99029106319703,2,0.0006956116043223465
8.044405793688203,14.112891835725852,3,0.0003737964562746455
3.9558589068275616,5.3297448295265015,2,0.025658140192024264
4.142143808046343,11.355603476025632,1,0.05267179038254327
2.0809398773416223,8.12463325781206,1,0.032915966529670944
3.0952186759278266,12.7537800567929,5,0.0
7.801709695464033,12.693143130752642,1,0.10937773474314912
5.1061645696917095,14.248778092649648,5,0.0
8.866719321563039,12.417706945266465,4,8.231680769192435e-05
6.063420391279472,10.940747243459791,5,0.0
6.314475850228367,12.881161018991516,1,0.07469409465342143
9.586985726177236,5.862333254158088,5,0.0010430941803994211
6.0801828575317165,11.790059295251432,2,0.005836413535143016
7.3777315034931235,7.583464702427255,5,0.0002253699915374173
8.9707999213296,11.260625699571065,4,0.0001936403980947529
5.644447285253965,7.721527881208647,1,0.43337791953738214
8.430472401552944,5.861948699960113,5,0.0013023372505341967
8.749304265251778,10.222087989197576,3,0.0026514749596179463
5.9129207709309775,8.232050984368982,5,0.0
9.4757085155506,12.784115370176014,1,0.23512138874813088
4.881873881128107,13.143261295502109,4,0.0
9.987656739269497,6.578850367743948,3,0.01816857741460146
9.85763746540302,11.990288488547321,3,0.0016381350826501235
4.767033912510015,5.647674573668149,2,0.03166154459683341
5.5985545836914765,8.49141295967679,2,0.014741359158682512
8.082617042052316,13.24046207921471,2,0.010283718654761404
5.585889067119615,11.411903405376325,1,0.07970488971231546
7.23525944839115,9.43819171922584,5,0.0
7.1603197291936045,9.318164429889197,3,0.0023665687709750736
6.10496219172906,7.898087249099603,4,0.0001346350218299391
9.56638272284426,6.124613502845532,2,0.2280080842780159
4.321648484152707,10.845239894015695,4,0.0
8.451327224239359,7.741863716946882,4,0.0012314805491576597
4.635457618024972,14.094749001813291,5,0.0
2.4344680029037846,12.898403000312918,3,0.0
8.400943394763189,14.872929364618102,4,3.8416315370008136e-05
8.720366983423451,5.939022988208161,1,31.597023060344764
8.03702530549397,8.68999626273595,5,7.125394193217072e-05
2.4819610456804835,7.040758248990317,1,0.06529682397093403
5.705436052841422,10.16972790123576,4,8.48714080507009e-05
4.482162299395439,9.275789265110209,1,0.10558383849465143
7.003904200887253,7.718968269242382,3,0.002578591816307866
3.161710287815949,14.292052640070048,1,0.02352532170295412
9.920686416744516,11.144133563198903,4,0.00029079666783787524
3.840254088772798,10.649086017285914,3,0.00016467386132900134
3.2293206917779864,9.957928255616263,4,0.0
2.8561566350019003,5.401282100730724,5,0.0
5.505527329102862,6.231568273862727,2,0.0356868751284292
9.258454962291045,14.76002716467666,5,8.079909999575085e-07
6.838690149853745,14.124068320559646,3,0.0003018842990171797
3.178068016500961,9.948170777161707,3,0.00010458348870816173
5.312208910217359,8.180071275529393,1,0.18931051520909523
4.968810550704772,8.607592528796406,5,0.0
6.913907525739851,6.448822984599327,2,0.05564678251203293
7.96406879515689,12.112621409342774,5,0.0
6.807538557296047,12.980965501582606,2,0.00576821444584786
5.766003181233856,13.53438591021061,3,9.01996523765944e-05
5.118471288667022,9.78453007260254,3,0.000547453325233845
7.7859207559032,7.536250985637535,4,0.0011131791724090585
4.990917853696217,12.326014114131853,4,0.0
6.79169124338981,6.457219632613444,4,0.0017003029635362318
8.59415055094763,9.209818940096428,2,0.028358324474339024
5.079681900567299,12.511201867400256,5,3.0250575300611244e-05
9.755546617757895,13.243327875968138,2,0.011268151239870508
8.728812987110961,12.702755308861526,5,8.034206902348327e-05
2.1741990113833074,6.39349950664039,4,0.0
3.232424576635748,5.43095768423008,4,0.0003752890819359701
5.225282833204103,7.666567839723984,5,1.3604843256409538e-06
3.4008892892597844,14.897465160920984,3,1.425406111881769e-05
7.379778623338421,14.867273144168745,1,0.06186058109288967
8.097764357082545,11.070278874012333,3,0.0015880149705760392
9.202596580268846,12.342499015229365,5,3.8204637470845074e-05
5.237461904180512,14.788596364366489,5,0.0
3.75853322395915,6.010713157296655,4,0.0003916639760384276
8.021515782378483,13.770307967699006,5,0.0
9.988757972735005,14.498069265279467,3,0.0006446314194160922
9.714294448196013,5.699456776695085,4,0.006040331691331116
3.686995401965862,6.474674618699007,2,0.016308931448420147
8.046308958412814,9.694679547992253,1,1.0771851872338578
5.651980254969006,7.584771868640732,2,0.02385300528700943
6.524525524793796,7.24575082934079,3,0.007090171232812032
4.884286739458579,7.283554296884901,2,0.019552129297217363
2.7939887943555783,13.337039886154527,2,0.0009395883627398606
3.9381816271551386,11.533273113876184,5,0.0
4.813563954350779,7.526838029062643,1,0.24481675151226062
9.320071458007833,9.616422207145307,2,0.027862571223744265
8.123742653120445,9.94953003192554,1,0.4888723310096717
6.955221522985967,7.375335042329565,1,2.113321437600862
8.27638043769202,12.353237350870181,4,0.0002474721219183351
7.661312705005873,12.167588178879178,5,0.0
5.016441359023405,14.528777548631536,5,0.0
4.309635952134008,6.472037937904284,5,0.0
3.7816537329674507,10.167045974069689,2,0.0024947863830030773
3.2973623878436005,7.95383327159009,1,0.13264216102459894
5.284240411977011,6.278225837854327,2,0.036362637385973035
6.1896011301244185,13.76102101270006,2,0.004472608962281118
2.996602363728811,7.384573282016129,5,0.0
6.104206033721488,13.567336579324504,4,0.0
7.877347012190014,13.239346757855898,1,0.12588279392880203
9.391224071922796,6.476887267509382,3,0.01826929684926191
3.4222488042614723,13.822522474267021,3,0.00010884227569475714
5.61841960898412,11.226459634833226,5,5.8541070705882585e-06
3.6997083211147475,10.221573967093349,1,0.04654507603078999
8.860754992853739,12.993191373853747,4,0.00011550506585598871
8.524807664784095,8.684550208646348,3,0.005583532295613671
6.373990652434067,5.684015899281066,1,14.027675653410498
2.4049008797770632,11.110820909091858,2,0.0009875034548870495
4.419744905948565,14.20162851024289,3,1.959486055618163e-05
3.760498407297253,9.24582633565829,4,0.0
2.4903416497841526,10.102294638550116,4,0.0
2.732358832064982,12.30609100274637,3,3.9138398293141026e-05
8.081510326332628,8.81684648598311,4,0.0005574087697911746
6.496373168569422,11.802314873454115,5,0.0
3.4083046903472987,8.135126718938938,2,0.0034726822976650783
6.516654974358205,13.905815718461124,1,0.045592274305575206
5.19575938188334,6.240900217248827,3,0.005253381260017011
3.578470287879428,9.988483195034,3,5.624491125389299e-05
4.4010334909724795,9.268885753688805,3,0.000613405625019943
4.202597416494378,12.826446742042329,2,0.0020801222697707164
4.869544648809309,13.392071426989748,4,0.0
7.84895190930739,14.156187173111803,4,3.4680823951342186e-05
4.373934958185009,9.775181408085267,1,0.06990607312039468
6.5239595581639325,13.738924683545335,4,3.752625501221019e-05
3.896369953706497,13.972083337380687,4,0.0
4.043849619764073,14.245909737905826,1,0.018835992022626973
5.948993163353601,5.131719534351226,1,16.985235610709392
8.491504650986153,10.747715550011792,2,0.011726268845756307
4.010696599625925,12.96802714899908,5,0.0
4.018053388298984,14.116084827203228,2,0.0012115803559484169
6.658951115104304,7.428796469498014,2,0.031266046277496296
5.862631722637822,5.337970134524048,2,0.07542777805032337
4.483225882554397,12.974692883372892,1,0.04166092291567603
3.4084793671393783,12.566293783948499,3,0.00013337568994432463
3.22241807537703,9.442706044679793,5,0.0
3.2426406419094302,12.729937936095055,2,0.000954406093213086
5.831869601363289,9.070999537845584,3,0.0012057443428705196
6.297544704700747,11.280470235614597,3,0.0007859656053117867
4.30376711164273,10.598292738543433,1,0.054420837021054824
6.640296072497968,9.395598114334364,1,0.17416910041340122
7.186628539028662,6.629688865100914,2,0.06087060306044748
7.4157035501514965,11.31115228624168,5,6.6934184158265895e-06
5.63013018881008,11.556579557571304,1,0.08509529724618503
7.795620599343998,10.756296687981486,4,6.500583119619323e-05
3.3581964163206592,10.2229786662803,1,0.046298611923030905
7.176129358477105,12.979657382434832,5,2.008900187537212e-06
2.539239013315677,14.099955352473858,3,0.0
9.59880256784183,12.765325677873712,3,0.0014480937356213955
7.6207026274653975,5.173273889122153,5,0.0013014248266003162
4.724037151286104,14.758296325954214,2,0.0018995187931555157
3.9682077904314017,11.004674021641897,4,0.0
6.059650976401191,11.605040248145666,4,1.8047768331722425e-05
8.844360517455716,7.815672280696777,5,0.00022606268686823155
9.066641345209291,11.107917788514618,2,0.022301140077246102
8.85272222071259,14.623474344503839,5,4.2583405854918326e-05
7.000766352443169,14.550005797261266,4,0.0
4.154062746845509,10.350308007230709,5,0.0
4.6838404299437135,12.389724117203052,3,0.00032273610261837523
8.898110722844795,7.555378908600433,1,12.819254071167206
9.964691798331634,11.139130655051854,5,0.00010754166743931027
4.078228077879961,14.324526066089708,2,0.0014600864752953282
9.387555245321968,10.107709689182588,4,0.00048399645164451453
7.62569468911178,14.658848138890278,2,0.004453772606151914
9.6470870735379,6.3255378347792055,5,0.0009681333780843512
8.432134334903399,12.261915975765163,1,0.1712462879564924
4.966650648882344,8.146750686405424,4,7.841026505719926e-05
9.134070418085269,11.648575555575992,3,0.0026290762451892237
6.227455605746603,14.573495418818768,5,0.0
4.6337831013079365,10.43508064819043,3,0.00016672032593196824
3.1378943676982747,11.815119465994716,1,0.03363039447177629
2.175708735238537,12.459998655278326,1,0.013458420599147529
6.797658322989594,5.4235203621927655,2,0.1101517021860577
9.182105303644919,11.453644499932455,3,0.0016322672573754898
2.8298977742952607,9.390746875338163,1,0.05151807890694708
3.279460253892191,5.051565239273499,5,0.0
4.15710321650183,8.81842689645882,5,0.0
8.243432547743954,6.241299428849121,1,22.14281528062712
8.167825551125237,14.508373754920129,3,0.0007090106751403475
5.262449035178986,11.08747764806274,5,0.0
7.576768355584135,7.702235003426923,2,0.04405198015586217
7.6088197202540355,12.179204491329571,4,2.7604206966344387e-05
7.587214423794915,6.0443888499356255,4,0.0022463411534093575
3.972757830627086,12.462034040117661,3,0.00026216855497087624
8.953178452395539,6.594883563971125,4,0.00355899972613515
5.299920303900142,5.29493351887695,2,0.06631354291099938
5.4946419565542355,13.363817681601859,4,7.003687610912636e-06
5.180812543466906,10.713818048132609,5,8.968070453510948e-06
3.9262156076245125,5.996846303175279,3,0.0010745603719439665
7.781842254304417,11.014557207839022,3,0.0011382289020776181
2.6318472990294026,8.675321424908578,4,0.0
6.842105016571981,12.419260512139559,5,0.0
4.818856078280881,7.112833020647225,3,0.002069351638109197
5.734988504516043,13.833620383954274,5,0.0
3.0973340299471888,11.56517761017928,2,0.0014499109614034798
4.340551985178281,14.481754787134875,4,0.0
6.435969759955379,12.259472565940737,3,0.0005214206378293784
9.841842544540857,12.51795318499468,1,0.323326453808393
5.980132204362825,9.186578247035118,4,0.00025701280012459276
2.988509082966474,6.913768134980913,2,0.0071785443196169954
9.740868828696325,12.945733258709375,4,0.00017741256885244668
6.158202684288745,5.9279364374766175,5,4.462235424252992e-05
5.709684367023032,12.788774169982204,4,0.0
7.63167962154953,6.434137915706738,2,0.07218998451902346
8.055966208135601,8.542329556877071,3,0.0038546447161890963
9.17659711163368,10.5210639857325,1,0.8895026787745702
4.403151306680115,13.081032191953936,2,0.0032978572177763637
4.135700599492598,9.526788345072413,4,2.7112266613223338e-06
5.101413400739201,8.142479133913922,5,0.0003251645679776637
5.0812958163252695,14.693984476310874,1,0.04152617914642912
6.798101152240604,10.458037287761327,2,0.010669420606932456
6.085218267134055,9.838844544029245,4,5.776838183179474e-05
4.015545793766352,7.900659627551658,4,0.00016618319431400603
5.166687773182401,8.887215850905566,5,0.0
6.263839556143739,8.270115931533981,3,0.002872118587763953
6.043712046136808,14.010898996861203,5,6.524080762090295e-05
4.069816867329203,6.742688239412807,5,2.7259775400912947e-05
6.37984869894766,6.976287742265866,3,0.006571790485723954
7.449747019425066,14.017621518712586,1,0.08837200234258678
6.3288692784157465,12.961544315033814,3,0.0002036297963898449
4.646294358366028,13.411006113337095,5,0.0
4.0095758100139625,11.070145832673244,2,0.002776588324525172
3.1925288401580474,8.247098770789645,2,0.00532153414591993
4.708441062796899,7.698935701360759,1,0.2631773749912647
5.207666782903042,14.595664175964902,4,2.069472591072548e-06
4.273039782651486,13.18736256007043,1,0.04115530548633479
3.88379403645036,8.485225736865475,3,0.0004034692021551867
3.4905033645304213,10.004453378756995,3,2.246794243117324e-05
8.369128686315065,14.127434794017208,4,8.082129904176343e-05
4.041769860401774,7.697801171806079,3,0.00048489760852991914
9.35063581347815,13.732655650182355,1,0.16314154861435085
8.144727043114969,11.062451819389178,5,8.20094844533069e-05
4.448442515349753,9.64825925698154,2,0.0058303541520469465
7.37152234069816,13.212436525321165,1,0.10728523584124675
3.602760974908909,14.458468166143575,5,0.0
5.364407199553264,12.147520747417296,3,0.00013047918745098079
9.503004099845889,13.082904837310544,4,6.821222011429024e-05
6.371099111847209,10.195592738893527,3,0.001310378033492272
4.641121295352947,11.176387071761681,1,0.0657571116822668
7.665468604565152,13.963772405547205,1,0.06400394841241915
4.686072801764169,6.4480434820560495,1,0.3941421688877372
2.159890461989975,6.356131319202463,5,0.0
7.414702765442418,6.96927193903379,5,0.00018912348595782828
2.673550376804064,10.636776544944116,1,0.029181460424064908
2.401227745800149,5.677701185076366,3,1.7485632872026638e-05
8.560728384096743,11.347602761218653,3,0.001435412160185231
8.443650398847552,11.200913091788042,2,0.014714785032514456
7.955014162310264,10.299432032199645,3,0.0023083452809214296
9.850287416826049,6.8720273280899224,4,0.003044754167327982
3.5860592801843634,12.692402279007212,5,0.0
3.2334861834305,7.9909247568982655,5,0.0
9.696480715147228,7.343656863233251,5,9.549587752814037e-05
9.832382113373669,13.960433128870536,3,0.0015014339756486618
6.014576388147534,10.454057681881478,5,0.0
8.4600684709903,7.2374562354126475,1,11.389949333080704
6.650880623480249,12.619296120991173,5,0.0
8.574621579790328,9.910422833879302,1,0.7072784309639858
6.6302689074500805,11.590921157799002,2,0.009367853338607441
9.611057233651078,5.018789840997418,3,0.06539656316927686
5.800934851536221,7.902363345764286,1,0.2534062197326784
8.324449551947726,13.942110031507237,2,0.005579545799039539
7.323721255643751,8.89878260010049,2,0.02952234233986691
9.525593006241916,10.571489199930472,1,0.44177973359788864
2.042777868376101,13.66989870700989,1,0.006846133782415364
2.9875038369082025,6.4253537765231785,3,0.0005748631895737715
6.5425060123912235,5.788980974678778,5,0.0001615568204332339
6.04620382399348,5.323248884827328,5,0.000659293795433598
9.607425208136007,10.993595786637695,2,0.024552109268472823
4.196361638871859,8.53737276752885,2,0.00847818263011614
8.199900547203168,13.9101296341532,2,0.00804476511374532
3.211989753799047,12.154263884365164,4,0.0
7.457255654142903,8.444348996921773,3,0.0033421524495221935
8.593121805704225,11.129770220770421,4,9.606451073039303e-05
7.564381955903861,14.91796606990471,5,1.9046831641381437e-06
5.756440771530194,13.841085883192193,5,0.0
9.877801966901947,12.95720191725427,5,1.6648183830562474e-05
4.087364069643232,6.510766166691596,1,0.26458161915137723
2.175521963705968,7.506231486255031,1,0.05926592271432546
5.261995693093359,10.598496129319116,5,6.147029014705313e-05
8.0598660543852,5.394948019694067,1,29.926072758526292
2.469898694563887,11.98535292275728,5,0.0
6.792241822954049,6.958636565697619,2,0.036817524069017414
8.272056991256871,5.049597211076959,1,31.329147973959092
6.811974151266841,6.956016763330726,5,2.9146337074479743e-05
7.959347393856106,14.418184019671838,5,1.0077939170668439e-05
7.395848371114196,14.510744865562234,3,0.0004581627167796338
6.293762131742319,13.589189778127425,3,0.0006630208958252868
2.3221049846785986,8.084638882360032,5,0.0
6.054112749763573,7.855745093414603,4,0.00027834254242207216
8.760263280938997,13.190647702481787,5,0.0
9.267277317650134,5.954382039026954,3,0.023620767477286135
6.862915346255741,9.512654941622568,2,0.016358343107921773
7.199241187132675,14.195479964605514,4,2.5273514739154244e-05
3.1284028532945323,6.468599714314759,4,0.0
6.319603126782608,12.116774343234086,1,0.10188011344785486
8.896285208988324,11.659738478446544,3,0.0021169416086849724
7.3843449758866875,12.678789144764753,5,9.522721196551888e-06
6.301232218116262,11.832723814715003,3,0.0003366875748085768
5.050253565581329,10.020382113011955,1,0.09035713933716617
8.913138645847141,7.4949809095924556,2,0.06951305877163409
4.313751398751727,10.771257322657881,2,0.0046579680950508415
3.6590458804732995,7.126147098800082,4,0.0
2.010675263411395,8.023414531514593,2,0.00457978778666182
9.941964650151593,7.996224218571677,5,0.0005205791475559779
4.17011212020018,10.691502378637677,4,0.0
7.402750904710692,11.274417494478623,3,0.001119089792964991
2.8842349725372625,6.633647176819045,1,0.08014412512788062
2.6404292739575252,7.10696298226493,3,0.0005152487684094337
6.17531099345643,8.210028123423708,2,0.022557870430061775
5.637054806040266,12.684593188016926,2,0.003121866151435331
8.274433781199363,6.499183054039995,1,18.812288736811148
8.62840436704558,5.977274081050934,2,0.13533603364140792
4.447838338767333,14.119335641117,2,0.002010501730849294
2.5120844213543876,5.040925930719019,3,0.0017662764719501758
2.108978091370254,13.61978892664559,3,0.0
9.216445580373408,7.134591088496419,4,0.0017926281910537278
7.6061258710532735,11.551770974769227,5,0.0
7.95193541757567,5.147239754658117,2,0.3530426904745182
8.168750324593695,6.969455135093798,3,0.00737536190919766
2.6385466506087676,8.063594355798527,4,0.0
5.068085247668896,5.462431882609123,5,2.356811009363703e-05
7.734058640582954,13.099477853586292,1,0.08524314819306113
5.18654660131477,6.976055326611766,3,0.003401162097702723
9.42493269501434,7.131010605294343,5,0.0005980870810223165
3.774927932065144,9.881007055934287,1,0.0855985870422549
4.197011070165624,8.38231913281486,5,0.0
7.812037353206686,6.018391593915865,1,26.332148030685318
2.840876095682347,9.27953857329678,2,0.002622391496786613
4.6247303259795896,9.505041242835535,5,0.0
2.6706975916041564,9.370552024524054,3,0.0
5.311668492248635,8.617704956667442,1,0.17454927589347147
5.116674069691569,9.408056148979643,2,0.01015605124542077
9.213279982495589,13.414940542412001,2,0.010555678966587193
3.413534817251038,13.378926372128134,5,0.0
9.580448666801443,7.611364336824264,3,0.015050480342507545
7.913308931501562,9.706966063089627,2,0.030147798670557415
2.1757958921519664,8.457089780745285,1,0.044478274998149527
8.147803285369385,6.48581772195306,1,17.696495065291224
5.4721542515092025,7.585848545738557,5,0.0
6.165114817489865,11.344452010960651,1,0.1237880693159976
6.109373469022693,9.760982864295563,2,0.011595980675495395
4.45009119662979,12.661057043880618,4,0.0
4.034257584334174,10.815921391500803,4,6.421984208554443e-06
8.114660132726168,7.069218108195125,3,0.006042185960720261
5.2047805336507205,8.74666757952429,4,0.00014328383271614538
8.399619648519508,10.888328034027591,4,0.00012020534601033003
3.860951458882182,14.70422012447769,5,6.425522881911471e-05
5.147890271231475,8.545181934613758,3,0.0007622618134808235
9.982705978588548,13.466383498819873,4,0.00010861538815304476
3.7666161416815234,6.163862896807552,1,0.21794906821122567
5.99422363880911,5.902828833679869,4,0.0007362408908990518
7.357773635261537,11.095594060431349,1,0.15710141821680382
3.2892068324306702,8.995237012363047,2,0.002266661322178669
2.453153984949525,8.341426612880937,2,0.002166971358036752
7.702097838133676,5.265012931653664,4,0.005366918908505592
7.104899518545321,10.685568401358019,5,2.7426469117640372e-05
6.975202360675324,7.854858704888013,3,0.003928990539947565
